"plot","treatment","date","collar","FCO2_DRY","FCH4_DRY","FN2O","FCO2_R2","FCH4_R2","FN2O_R2"
1,"slurry",2025-05-06,"A",9.44906,-0.11793,0.63933,0.99965,0.9104,0.72697
1,"slurry",2025-05-06,"B",10.49283,-0.18083,0.18069,0.9996,0.96099,0.29023
1,"slurry",2025-05-06,"C",9.43974,-0.23546,0.05304,0.99828,0.97538,0.01129
2,"control",2025-05-06,"A",7.52,-0.16125,0.07046,0.99923,0.94975,0.09048
2,"control",2025-05-06,"B",11.23927,-0.26522,0.19496,0.99707,0.96466,0.40047
2,"control",2025-05-06,"C",14.4586,-0.0897,0.00057,0.99989,0.84292,1e-05
3,"compost",2025-05-06,"A",10.09214,0.1283,0.0922,0.99975,0.91031,0.03631
3,"compost",2025-05-06,"B",8.76675,-0.11502,0.12672,0.99892,0.92549,0.27885
3,"compost",2025-05-06,"C",10.23395,-0.14181,0.1548,0.99949,0.90995,0.27112
4,"compost",2025-05-06,"A",7.76339,-0.17795,0.42922,0.99942,0.9586,0.47397
4,"compost",2025-05-06,"B",8.77665,-0.27486,-2e-04,0.99965,0.98419,0
4,"compost",2025-05-06,"C",11.71736,-0.20776,0.19838,0.99962,0.96926,0.34318
5,"control",2025-05-06,"A",11.24047,-0.25534,0.25601,0.99776,0.9699,0.60744
5,"control",2025-05-06,"B",8.23976,-0.24574,0.24634,0.99855,0.97332,0.53601
5,"control",2025-05-06,"C",9.49846,-0.26174,0.14219,0.99947,0.97935,0.35971
6,"slurry",2025-05-06,"A",9.37357,-0.23098,0.34135,0.99949,0.97186,0.74653
6,"slurry",2025-05-06,"B",10.24452,-0.14184,0.09949,0.99968,0.93132,0.16254
6,"slurry",2025-05-06,"C",12.37442,-0.18959,0.10104,0.99972,0.96559,0.17092
7,"control",2025-05-06,"A",12.11175,-0.16701,0.73768,0.99822,0.95299,0.88558
7,"control",2025-05-06,"B",13.21601,-0.21173,0.34203,0.99815,0.97006,0.50944
7,"control",2025-05-06,"C",12.74435,-0.45255,1.46031,0.99946,0.95669,0.93005
8,"compost",2025-05-06,"A",9.44638,-0.36379,-0.03688,0.99415,0.95911,0.0044
8,"compost",2025-05-06,"B",14.68599,-0.61557,0.05602,0.99823,0.97493,0.08164
8,"compost",2025-05-06,"C",14.76765,-0.34843,0.34477,0.999,0.98813,0.62866
9,"compost",2025-05-06,"A",9.65825,-0.18952,0.19252,0.9997,0.97173,0.30007
9,"compost",2025-05-06,"B",8.94501,-0.24423,0.04943,0.99958,0.97667,0.03191
9,"compost",2025-05-06,"C",11.95629,-0.35823,0.21715,0.99935,0.98906,0.48885
10,"control",2025-05-06,"A",10.4929,-0.15031,0.62322,0.99976,0.95609,0.78292
10,"control",2025-05-06,"B",7.44632,-0.08829,0.01903,0.99847,0.83704,0.02569
10,"control",2025-05-06,"C",9.03073,-0.12366,0.85971,0.99973,0.93494,0.91218
11,"slurry",2025-05-06,"A",11.72871,-0.2394,0.27193,0.99771,0.9758,0.41303
11,"slurry",2025-05-06,"B",11.20109,-0.14664,-0.03285,0.99977,0.92687,0.01459
12,"slurry",2025-05-06,"A",10.45228,-0.22303,0.37455,0.99929,0.96481,0.73829
12,"slurry",2025-05-06,"B",12.28701,-0.19019,0.32562,0.99954,0.9573,0.59937
12,"slurry",2025-05-06,"C",8.97521,-0.02088,0.14664,0.99955,0.08091,0.03614
13,"slurry",2025-05-06,"A",11.60993,-0.24849,0.10187,0.99916,0.96537,0.14167
13,"slurry",2025-05-06,"B",16.02455,-0.0156,0.58792,0.99515,0.14477,0.6535
13,"slurry",2025-05-06,"C",11.44077,-0.12077,0.08192,0.99983,0.90168,0.10188
14,"compost",2025-05-06,"A",9.14383,-0.02815,0.06847,0.99969,0.38224,0.06043
14,"compost",2025-05-06,"B",9.81818,-0.13565,0.33991,0.99938,0.93181,0.6344
14,"compost",2025-05-06,"C",11.47928,-0.16592,0.3385,0.99859,0.93027,0.50402
15,"control",2025-05-06,"B",9.97335,-0.16306,0.67896,0.99859,0.95492,0.86105
15,"control",2025-05-06,"A",17.15761,-0.6123,0.1395,0.99724,0.83402,0.3876
15,"control",2025-05-06,"C",11.24387,-0.10172,0.57247,0.99929,0.89285,0.79809
13,"slurry",2025-05-27,"C",7.78525,-0.34294,-0.0291,0.99874,0.99042,0.00675
13,"slurry",2025-05-27,"A",9.12258,-0.41179,-0.15856,0.99837,0.9898,0.22486
13,"slurry",2025-05-27,"B",6.89448,0.34377,0.05215,0.99931,0.97677,0.02134
14,"compost",2025-05-27,"A",7.3626,-0.08037,0.00809,0.99882,0.85358,0.00038
14,"compost",2025-05-27,"B",7.46473,-0.29411,0.04127,0.99942,0.98477,0.0199
14,"compost",2025-05-27,"C",8.63316,-0.1582,0.11846,0.99926,0.94142,0.17471
15,"control",2025-05-27,"A",9.06183,-0.25726,-0.03943,0.99921,0.98135,0.01737
15,"control",2025-05-27,"C",11.06095,-0.306,0.19669,0.99942,0.98523,0.00636
15,"control",2025-05-27,"B",8.1355,-0.28396,0.11903,0.99876,0.98121,0.11751
12,"slurry",2025-05-27,"C",8.48216,-0.26295,0.02607,0.99855,0.97773,0.00543
12,"slurry",2025-05-27,"A",7.43713,-0.51178,0.16284,0.99915,0.99373,0.19225
12,"slurry",2025-05-27,"B",13.62129,-0.38546,-0.09855,0.99918,0.9913,0.0824
11,"slurry",2025-05-27,"C",10.65222,-0.32566,0.06419,0.99923,0.98433,0.03633
11,"slurry",2025-05-27,"B",11.38778,-0.24187,-0.13873,0.99887,0.97047,0.12933
11,"slurry",2025-05-27,"A",11.10437,-0.27459,0.13897,0.99812,0.97931,0.11172
10,"control",2025-05-27,"A",10.95213,-0.22505,-0.67495,0.99864,0.9697,0.11875
10,"control",2025-05-27,"C",8.03866,-0.29537,-6.45649,0.99941,0.98594,0.53191
10,"control",2025-05-27,"B",7.84351,-0.35609,-0.9606,0.9993,0.98811,0.47206
7,"control",2025-05-27,"C",14.34555,-0.2871,-0.03989,0.99968,0.98069,0.00979
7,"control",2025-05-27,"A",15.27516,-0.29437,-0.19738,0.99954,0.98372,0.22837
7,"control",2025-05-27,"B",14.37761,-0.40552,0.10834,0.99955,0.99302,0.06388
8,"compost",2025-05-27,"A",9.01477,-0.42922,-0.00563,0.99903,0.99194,0.00022
8,"compost",2025-05-27,"B",10.32674,-0.33613,0.00564,0.99862,0.98648,1e-04
8,"compost",2025-05-27,"C",14.5663,-0.50934,0.0123,0.99943,0.99528,0.00119
9,"compost",2025-05-27,"B",8.17311,-0.33165,-0.1002,0.99824,0.98635,0.04233
9,"compost",2025-05-27,"A",9.93164,-0.34849,0.11431,0.99924,0.98454,0.08254
9,"compost",2025-05-27,"C",8.86101,-0.38175,-0.75016,0.9988,0.987,0.66544
6,"slurry",2025-05-27,"A",10.28223,-0.47126,13.2778,0.99905,0.99388,0.37271
6,"slurry",2025-05-27,"B",9.15925,-0.31886,0.03417,0.99865,0.98107,0.0078
6,"slurry",2025-05-27,"C",10.13109,-0.42823,-0.11427,0.9992,0.9904,0.11196
5,"control",2025-05-27,"A",16.9426,-0.52189,-1.31559,0.99969,0.99272,0.0273
5,"control",2025-05-27,"B",14.97093,-0.53719,-0.02912,0.99961,0.99206,0.01287
5,"control",2025-05-27,"C",9.98879,-0.54557,-0.07464,0.9993,0.99331,0.04118
4,"compost",2025-05-27,"B",11.37129,-0.45845,-0.11364,0.99954,0.99039,0.11908
4,"compost",2025-05-27,"A",7.43789,-0.37396,0.1061,0.99762,0.9888,0.13
4,"compost",2025-05-27,"C",12.23887,-0.3581,0.01233,0.99942,0.9822,0.00036
1,"slurry",2025-05-27,"A",11.00553,-0.34639,-0.87487,0.99965,0.98451,0.69054
1,"slurry",2025-05-27,"B",6.13459,-0.26402,-0.14915,0.99861,0.97205,0.13034
1,"slurry",2025-05-27,"C",12.74404,-0.43641,-0.26554,0.99967,0.99259,0.17103
2,"control",2025-05-27,"A",8.31408,-0.38173,0.00234,0.99954,0.98838,6e-05
2,"control",2025-05-27,"C",14.021,-0.42697,0.38674,0.99961,0.99046,0.46079
2,"control",2025-05-27,"B",16.45573,-0.51392,-4.41362,0.99911,0.98573,0.61299
3,"compost",2025-05-27,"C",9.8308,-0.41272,22.75731,0.99946,0.99284,0.37427
3,"compost",2025-05-27,"A",8.81162,-0.33529,-13.75282,0.99956,0.98736,0.07152
3,"compost",2025-05-27,"B",15.6756,-0.44506,-3.28214,0.9997,0.99308,0.0989
13,"slurry",2025-05-29,"A",9.40656,-0.39545,0.24301,0.99944,0.9903,0.20581
13,"slurry",2025-05-29,"B",24.33708,5.60612,0.64791,0.99962,0.99959,0.64455
13,"slurry",2025-05-29,"C",17.75186,-0.03045,0.67617,0.99982,0.44935,0.6857
10,"control",2025-05-29,"C",5.8094,-0.32979,0.00376,0.99929,0.9891,0.00018
10,"control",2025-05-29,"B",5.68899,-0.32091,-0.08285,0.99911,0.98704,0.08489
7,"control",2025-05-29,"B",8.66726,-0.46633,0.03915,0.99954,0.99319,0.01463
7,"control",2025-05-29,"C",9.38506,-0.29707,0.00283,0.99939,0.98552,8e-05
7,"control",2025-05-29,"A",8.79086,-0.30523,-0.06043,0.9997,0.98421,0.0298
4,"compost",2025-05-29,"B",7.30909,-0.41762,-0.02968,0.99943,0.98923,0.00945
4,"compost",2025-05-29,"C",10.35281,-0.66361,0.03252,0.99915,0.9874,0.01221
4,"compost",2025-05-29,"A",5.29366,-0.35083,-0.08795,0.99811,0.98828,0.09157
1,"slurry",2025-05-29,"A",18.92785,-0.27028,0.35112,0.99903,0.95206,0.46715
1,"slurry",2025-05-29,"B",10.12372,-0.3553,0.04597,0.99969,0.98991,0.01888
1,"slurry",2025-05-29,"C",8.80473,-0.43834,0.00605,0.99954,0.99382,0.00033
2,"control",2025-05-29,"C",7.9391,-0.42478,-0.6097,0.99962,0.99328,0.35581
2,"control",2025-05-29,"A",6.27394,-0.41936,-0.07038,0.99914,0.99136,0.07149
2,"control",2025-05-29,"B",7.58111,-0.45472,0.08961,0.99957,0.99349,0.07174
5,"control",2025-05-29,"A",8.27364,-0.41228,-0.03023,0.99923,0.99319,0.00521
5,"control",2025-05-29,"C",7.56074,-0.51395,-0.09158,0.99964,0.99282,0.02991
5,"control",2025-05-29,"B",5.06034,-0.45177,-0.00869,0.99934,0.9941,0.00084
8,"compost",2025-05-29,"A",7.88153,-0.44968,-0.02035,0.99952,0.99104,0.00425
8,"compost",2025-05-29,"B",9.21577,-0.42786,-0.05796,0.99946,0.99044,0.0378
8,"compost",2025-05-29,"C",9.96041,-0.60143,0.30515,0.99952,0.99602,0.22533
11,"slurry",2025-05-29,"C",13.24587,-0.15969,0.11444,0.99878,0.94329,0.08859
11,"slurry",2025-05-29,"B",12.43867,-0.11114,0.13705,0.99985,0.90088,0.16212
11,"slurry",2025-05-29,"A",11.77083,-0.29243,-0.00302,0.99958,0.98296,0.00012
14,"compost",2025-05-29,"A",9.20946,-0.05713,-0.06729,0.99943,0.76579,0.00649
14,"compost",2025-05-29,"B",8.18861,-0.28836,-0.0699,0.99819,0.98528,0.05959
14,"compost",2025-05-29,"C",8.19299,-0.17636,0.13085,0.99922,0.95115,0.02929
15,"control",2025-05-29,"B",7.22521,-0.28039,-0.15725,0.99867,0.98231,0.18284
15,"control",2025-05-29,"A",8.67463,-0.26667,-0.17824,0.99866,0.97831,0.14195
15,"control",2025-05-29,"C",9.32542,-0.27884,-0.05694,0.99455,0.97228,0.02199
12,"slurry",2025-05-29,"C",17.05453,-0.11885,1.54605,0.99863,0.94405,0.8436
12,"slurry",2025-05-29,"A",12.70641,-0.40075,-0.08626,0.99951,0.9906,0.05523
12,"slurry",2025-05-29,"B",22.60229,-0.27029,0.49353,0.99959,0.98184,0.52325
9,"compost",2025-05-29,"B",8.3108,-0.42467,0.23659,0.9989,0.99139,0.17208
9,"compost",2025-05-29,"C",8.87898,-0.55374,0.14862,0.9989,0.99583,0.06836
9,"compost",2025-05-29,"A",8.95404,-0.3846,0.27681,0.99853,0.98779,0.2919
6,"slurry",2025-05-29,"C",91.74834,2.31041,0.69403,0.23416,0.07253,0.75233
6,"slurry",2025-05-29,"A",10.33607,-0.38863,0.32254,0.99962,0.9895,0.39491
6,"slurry",2025-05-29,"B",11.75621,-0.31586,0.13553,0.99926,0.99016,0.18555
3,"compost",2025-05-29,"A",8.92861,-0.33412,-0.00179,0.99807,0.98707,4e-05
3,"compost",2025-05-29,"C",8.66502,-0.43387,-0.00162,0.9963,0.98744,4e-05
3,"compost",2025-05-29,"B",11.80479,-0.37362,0.12771,0.99894,0.9879,0.13422
3,"compost",2025-05-30,"A",9.10842,-0.35807,0.02889,0.99786,0.98475,0.00377
3,"compost",2025-05-30,"B",13.9566,-0.35731,0.21892,0.99793,0.98662,0.27221
3,"compost",2025-05-30,"C",9.48816,-0.35041,-7.17591,0.99756,0.98817,0.15638
2,"control",2025-05-30,"A",9.15932,-0.38011,-0.00269,0.99782,0.98504,5e-05
2,"control",2025-05-30,"C",10.67428,-0.39184,-0.29249,0.99843,0.98912,0.08087
2,"control",2025-05-30,"B",12.38838,-0.49966,-0.14546,0.99903,0.98611,0.15197
1,"slurry",2025-05-30,"C",8.50365,-0.37092,0.03986,0.99731,0.98867,0.01714
1,"slurry",2025-05-30,"B",9.42638,-0.29459,0.053,0.99772,0.98479,0.04172
1,"slurry",2025-05-30,"A",17.00702,-0.18408,0.06121,0.99893,0.95924,0.02648
4,"compost",2025-05-30,"A",6.9356,-0.30125,0.05908,0.99473,0.98113,0.01816
4,"compost",2025-05-30,"B",9.54009,-0.39636,-0.16926,0.99729,0.98809,0.1789
4,"compost",2025-05-30,"C",12.49438,-0.53974,-0.17604,0.99878,0.99572,0.09241
5,"control",2025-05-30,"A",13.72559,-0.60299,-0.79992,0.9984,0.99081,0.20747
5,"control",2025-05-30,"B",8.68253,-0.53919,-0.17592,0.99758,0.9929,0.25998
5,"control",2025-05-30,"C",10.97468,-0.47608,-0.23087,0.99804,0.99247,0.26336
6,"slurry",2025-05-30,"A",10.62637,-0.42472,-0.06542,0.9991,0.9896,0.06063
6,"slurry",2025-05-30,"B",12.81656,-0.36342,-0.10796,0.99918,0.98588,0.07911
6,"slurry",2025-05-30,"C",20.09762,-0.24089,0.62263,0.9984,0.94535,0.6666
9,"compost",2025-05-30,"A",9.24208,-0.37016,-0.07659,0.99821,0.98714,0.05826
9,"compost",2025-05-30,"B",9.11711,-0.45774,-0.03417,0.99804,0.98805,0.01207
9,"compost",2025-05-30,"C",9.77064,-0.48969,-0.16478,0.99821,0.99173,0.14584
8,"compost",2025-05-30,"C",16.23757,-0.9387,-0.08846,0.99804,0.99405,0.02546
8,"compost",2025-05-30,"B",12.91286,-0.56952,-0.21243,0.99839,0.99324,0.2699
8,"compost",2025-05-30,"A",9.54703,-0.4549,-0.09719,0.99633,0.9872,0.09998
7,"control",2025-05-30,"A",16.89837,-0.36419,-0.18823,0.9982,0.97876,0.26671
7,"control",2025-05-30,"B",12.65712,-0.47876,-0.29859,0.99816,0.99345,0.06946
7,"control",2025-05-30,"C",14.20256,-0.4112,-0.09439,0.99888,0.98853,0.06315
10,"control",2025-05-30,"A",9.57537,-0.3085,0.56566,0.99731,0.98419,0.36913
10,"control",2025-05-30,"B",7.91885,-0.37467,0.11861,0.9982,0.99059,0.13331
10,"control",2025-05-30,"C",10.05889,-0.39612,0.19894,0.99759,0.98528,0.22444
11,"slurry",2025-05-30,"C",12.59647,-0.24061,0.46864,0.99726,0.97395,0.69901
11,"slurry",2025-05-30,"B",14.67652,-0.27329,0.3204,0.9992,0.97871,0.47391
11,"slurry",2025-05-30,"A",13.344,-0.28374,0.29646,0.99753,0.97481,0.57141
12,"slurry",2025-05-30,"A",9.1964,-0.44095,0.47783,0.99757,0.99263,0.44769
12,"slurry",2025-05-30,"B",18.14407,-0.333,0.74194,0.99931,0.98565,0.81964
12,"slurry",2025-05-30,"C",14.42747,-0.28679,0.93186,0.99875,0.97529,0.91844
15,"control",2025-05-30,"A",11.36649,-0.29026,0.13507,0.99689,0.98055,0.27541
15,"control",2025-05-30,"B",9.3397,-0.32599,0.0914,0.99703,0.97969,0.09051
15,"control",2025-05-30,"C",12.38579,-0.35998,0.3293,0.99688,0.98823,0.46978
14,"compost",2025-05-30,"A",10.6229,0.12296,0.13965,0.9981,0.86066,0.22768
14,"compost",2025-05-30,"C",9.82841,-0.16813,0.13627,0.99814,0.93269,0.12857
14,"compost",2025-05-30,"B",8.94208,-0.30155,0.10333,0.99876,0.97906,0.11681
13,"slurry",2025-05-30,"A",10.42349,-0.39373,0.11099,0.99916,0.99176,0.15664
13,"slurry",2025-05-30,"C",23.56046,1.80773,3.74572,0.99925,0.99884,0.99326
13,"slurry",2025-05-30,"B",16.01054,-0.28687,0.73846,0.99952,0.98034,0.7875
15,"control",2025-06-03,"A",10.56911,-0.18179,0.22859,0.99819,0.95109,0.34176
15,"control",2025-06-03,"B",10.2477,-0.21295,0.20737,0.99787,0.95051,0.30441
15,"control",2025-06-03,"C",11.70446,-0.16829,0.2939,0.99842,0.9191,0.40493
12,"slurry",2025-06-03,"A",9.07225,-0.21239,0.26139,0.99724,0.9653,0.24336
12,"slurry",2025-06-03,"B",16.55846,-0.21345,0.58041,0.99672,0.96511,0.81148
12,"slurry",2025-06-03,"C",11.62125,-0.0663,0.65569,0.99774,0.74057,0.75467
9,"compost",2025-06-03,"A",10.88292,-0.21089,0.20131,0.9988,0.97063,0.16504
9,"compost",2025-06-03,"B",9.59444,-0.21263,0.36085,0.99747,0.95719,0.51239
9,"compost",2025-06-03,"C",11.28187,-0.28767,0.62007,0.99822,0.97881,0.58941
6,"slurry",2025-06-03,"A",10.69686,-0.28896,0.32169,0.99905,0.98583,0.2484
6,"slurry",2025-06-03,"B",11.92569,-0.18938,0.43104,0.99907,0.93901,0.49124
6,"slurry",2025-06-03,"C",16.46696,-0.25468,0.83806,0.99935,0.97631,0.80183
3,"compost",2025-06-03,"A",13.28853,-0.1578,0.31145,0.99862,0.94591,0.53624
3,"compost",2025-06-03,"B",19.36688,-0.08305,0.59245,0.99873,0.79157,0.78382
3,"compost",2025-06-03,"C",11.76353,-0.24888,0.18798,0.99849,0.96846,0.20159
2,"control",2025-06-03,"A",11.09014,-0.30482,0.23472,0.99826,0.97348,0.38425
2,"control",2025-06-03,"C",12.83645,-0.23871,0.13019,0.99901,0.96503,0.19937
2,"control",2025-06-03,"B",15.94785,-0.38786,0.17296,0.99881,0.98978,0.26568
5,"control",2025-06-03,"A",14.12555,-0.30903,0.35608,0.99858,0.98342,0.36668
5,"control",2025-06-03,"B",10.35296,-0.38596,0.16033,0.9987,0.98916,0.22609
5,"control",2025-06-03,"C",13.3436,-0.40295,0.27146,0.99893,0.99286,0.17154
8,"compost",2025-06-03,"A",10.67062,-0.27695,0.11268,0.99839,0.97412,0.11941
8,"compost",2025-06-03,"B",13.01541,-0.27942,0.1687,0.99784,0.96996,0.13073
8,"compost",2025-06-03,"C",16.93414,-0.52337,0.45183,0.99936,0.99428,0.16957
11,"slurry",2025-06-03,"A",12.10629,-0.18084,0.22726,0.99907,0.92904,0.30088
11,"slurry",2025-06-03,"B",14.85134,-0.21102,0.27342,0.99852,0.96743,0.30749
11,"slurry",2025-06-03,"C",12.46292,-0.11348,0.22353,0.99878,0.90014,0.28901
14,"compost",2025-06-03,"B",10.48023,-0.19875,0.26689,0.99857,0.95578,0.39879
14,"compost",2025-06-03,"C",13.13915,-0.08885,0.17734,0.99857,0.75489,0.24813
14,"compost",2025-06-03,"A",11.90069,0.46844,0.20708,0.99928,0.85782,0.25146
13,"slurry",2025-06-03,"A",11.74214,-0.23246,0.31476,0.99888,0.96793,0.46062
13,"slurry",2025-06-03,"B",20.04077,0.53873,1.181,0.99927,0.99445,0.9052
13,"slurry",2025-06-03,"C",14.35511,-0.15247,0.40263,0.99895,0.9277,0.62063
10,"control",2025-06-03,"A",11.92035,-0.1796,0.55649,0.99757,0.94564,0.69137
10,"control",2025-06-03,"C",9.49076,-0.16933,0.18779,0.99654,0.94246,0.32343
10,"control",2025-06-03,"B",9.09267,-0.17599,0.09403,0.99661,0.9333,0.10983
7,"control",2025-06-03,"B",15.58243,-0.388,0.38654,0.99869,0.98801,0.4065
7,"control",2025-06-03,"C",13.78854,-0.23201,0.22371,0.99883,0.96992,0.36547
7,"control",2025-06-03,"A",18.09748,-0.26943,0.39046,0.99846,0.96826,0.47595
4,"compost",2025-06-03,"A",8.04,-0.22944,0.11497,0.99766,0.96946,0.11614
4,"compost",2025-06-03,"C",15.06341,-0.27451,0.23618,0.99897,0.97352,0.42777
4,"compost",2025-06-03,"B",12.97308,-0.32258,0.27154,0.99904,0.98634,0.05565
1,"slurry",2025-06-03,"C",10.88431,-0.25305,0.23508,0.998,0.97947,0.45449
1,"slurry",2025-06-03,"B",9.72586,-0.18655,0.41663,0.99838,0.95123,0.42744
1,"slurry",2025-06-03,"A",14.16444,-0.15971,0.40948,0.99818,0.93045,0.59701
7,"control",2025-06-19,"A",20.37042,-0.16565,0.45815,0.99932,0.95555,0.72518
7,"control",2025-06-19,"B",17.85402,-0.23821,1.02371,0.99907,0.96781,0.91096
7,"control",2025-06-19,"C",15.53063,-0.19453,0.2308,0.99951,0.95794,0.38251
8,"compost",2025-06-19,"A",16.16107,-0.20946,0.10039,0.99854,0.96745,0.14614
8,"compost",2025-06-19,"B",19.82385,-0.18546,0.15483,0.999,0.94496,0.27267
8,"compost",2025-06-19,"C",22.30003,-0.46197,0.02619,0.99821,0.99223,0.03582
9,"compost",2025-06-19,"B",15.17297,-0.05969,0.43601,0.99769,0.77291,0.69536
9,"compost",2025-06-19,"A",16.85875,-0.13211,0.10056,0.99878,0.88006,0.1038
9,"compost",2025-06-19,"C",16.80498,-0.2853,0.41534,0.99831,0.98131,0.65971
12,"slurry",2025-06-19,"C",15.99982,-0.19825,0.19015,0.99947,0.97039,0.25482
12,"slurry",2025-06-19,"A",17.58324,-0.16307,0.4043,0.99738,0.93973,0.60367
12,"slurry",2025-06-19,"B",24.5613,-0.21548,0.39065,0.99964,0.97864,0.67434
11,"slurry",2025-06-19,"A",16.63152,-0.20378,0.18262,0.99884,0.96672,0.09573
11,"slurry",2025-06-19,"C",16.15495,-0.12616,0.12397,0.99925,0.92992,0.16756
11,"slurry",2025-06-19,"B",17.77672,-0.14619,0.15918,0.99927,0.93644,0.14116
12,"slurry",2025-06-19,"A",16.07126,-0.1311,0.44543,0.99711,0.89031,0.6092
12,"slurry",2025-06-19,"B",13.64455,-0.17063,0.122,0.9981,0.9581,0.19808
12,"slurry",2025-06-19,"C",14.21642,-0.14316,0.21579,0.9925,0.92999,0.39573
13,"slurry",2025-06-19,"A",18.47266,-0.21982,0.30845,0.99708,0.96419,0.42092
13,"slurry",2025-06-19,"B",19.68938,0.09154,0.58647,0.99573,0.80213,0.70914
13,"slurry",2025-06-19,"C",23.81536,-0.22258,1.71683,0.99448,0.96374,0.95806
14,"compost",2025-06-19,"A",11.75357,-0.15122,0.10715,0.98235,0.9429,0.07609
14,"compost",2025-06-19,"B",16.21907,-0.17612,0.46844,0.99488,0.9393,0.37102
14,"compost",2025-06-19,"C",14.10851,-0.12309,0.32711,0.95392,0.88785,0.46564
15,"control",2025-06-19,"A",13.75156,-0.18702,0.42477,0.98878,0.9206,0.63277
15,"control",2025-06-19,"B",17.26283,-0.21398,0.58492,0.99734,0.96138,0.71736
15,"control",2025-06-19,"C",24.63574,-0.39592,0.68176,0.99761,0.99242,0.81023
3,"compost",2025-06-19,"A",22.39514,-0.07755,0.13803,0.998,0.70467,0.17128
3,"compost",2025-06-19,"B",21.96796,0.44728,0.20504,0.99316,0.98823,0.36763
3,"compost",2025-06-19,"C",15.12741,-0.16367,0.2083,0.99493,0.94719,0.4152
2,"control",2025-06-19,"A",14.20356,-0.1737,0.12121,0.99863,0.94056,0.13063
2,"control",2025-06-19,"B",19.15296,-0.28383,0.12181,0.99961,0.98539,0.24459
2,"control",2025-06-19,"C",17.88045,-0.18101,0.20813,0.99849,0.93963,0.33537
1,"slurry",2025-06-19,"A",16.48127,-0.20006,-0.63332,0.99291,0.96643,0.00384
1,"slurry",2025-06-19,"B",18.01895,-0.23883,0.36428,0.99891,0.97704,0.56862
1,"slurry",2025-06-19,"C",15.38365,-0.30341,0.03281,0.9959,0.98729,0.00596
6,"slurry",2025-06-19,"A",18.44373,-0.29649,0.23569,0.99952,0.98617,0.46864
6,"slurry",2025-06-19,"B",18.73355,-0.1599,0.29371,0.99929,0.9548,0.44665
6,"slurry",2025-06-19,"C",23.77746,-0.3816,0.63289,0.99964,0.98814,0.78169
5,"control",2025-06-19,"A",18.9179,-0.3515,0.16218,0.99974,0.9854,0.32884
5,"control",2025-06-19,"B",14.802,-0.35356,0.14663,0.99938,0.98762,0.29
5,"control",2025-06-19,"C",15.65565,-0.32291,0.18443,0.99967,0.98854,0.4346
4,"compost",2025-06-19,"A",14.20586,-0.23292,0.17634,0.99909,0.97462,0.31112
4,"compost",2025-06-19,"B",14.34406,-0.25037,0.062,0.9996,0.96783,0.01396
4,"compost",2025-06-19,"C",17.37909,-0.25974,0.242,0.99969,0.98119,0.44141
3,"compost",2025-07-09,"A",19.78869,-0.86409,0.52675,0.99934,0.99791,0.53091
3,"compost",2025-07-09,"B",21.08891,-0.70796,2.3915,0.99481,0.99609,0.97519
3,"compost",2025-07-09,"C",15.50242,-0.73304,0.12207,0.99895,0.99669,0.13574
6,"slurry",2025-07-09,"A",14.02541,-0.74902,-0.77186,0.99668,0.99673,0.03356
6,"slurry",2025-07-09,"B",25.74307,-0.73793,0.14948,0.99955,0.99655,0.10273
6,"slurry",2025-07-09,"C",23.97098,-0.68401,-0.01337,0.99957,0.99472,0.00115
9,"compost",2025-07-09,"A",20.17783,-0.80957,0.15158,0.99607,0.99546,0.15178
9,"compost",2025-07-09,"B",24.15375,-0.58934,0.23591,0.99677,0.99456,0.24371
9,"compost",2025-07-09,"C",15.14,-0.71561,0.12505,0.99476,0.99676,0.09885
12,"slurry",2025-07-09,"A",20.11235,-0.69243,0.05828,0.99793,0.9968,0.02512
12,"slurry",2025-07-09,"C",10.87938,-0.45067,-0.13169,0.99001,0.99273,0.11299
12,"slurry",2025-07-09,"B",17.32161,-0.61818,-0.17429,0.99499,0.99635,0.0629
15,"control",2025-07-09,"A",13.04402,-0.48361,-0.05664,0.99791,0.99425,0.04171
15,"control",2025-07-09,"B",10.23528,-0.51475,-0.08018,0.9863,0.99166,0.04503
15,"control",2025-07-09,"C",20.48967,-0.56632,0.04138,0.99774,0.99533,0.01286
14,"compost",2025-07-09,"A",13.65924,-0.4046,-0.00408,0.9775,0.98493,0.00018
14,"compost",2025-07-09,"C",13.57939,-0.29348,-0.00327,0.98182,0.98188,0.00026
14,"compost",2025-07-09,"B",15.6478,-0.49847,-2.16901,0.99444,0.993,0.03374
11,"slurry",2025-07-09,"A",10.95076,-0.48916,0.07804,0.98491,0.99104,0.01085
11,"slurry",2025-07-09,"B",12.83206,-0.48296,0.13629,0.99903,0.99503,0.13749
11,"slurry",2025-07-09,"C",18.08441,-0.53968,-0.17048,0.99817,0.99464,0.21703
8,"compost",2025-07-09,"A",13.6692,-0.70585,-0.16666,0.97737,0.99467,0.07844
8,"compost",2025-07-09,"B",12.79234,-0.64139,-0.0402,0.99747,0.99681,0.01575
8,"compost",2025-07-09,"C",20.63562,-1.00237,-0.53751,0.99888,0.99838,0.01827
5,"control",2025-07-09,"A",16.63065,-0.73052,0.01065,0.99941,0.9962,0.00356
5,"control",2025-07-09,"B",14.74535,-0.81111,0.0154,0.9998,0.99766,0.00326
5,"control",2025-07-09,"C",14.47688,-0.72319,-0.12725,0.99877,0.99736,0.11386
2,"control",2025-07-09,"A",13.87712,-0.71314,-0.11678,0.99913,0.99561,0.11762
2,"control",2025-07-09,"B",17.8906,-0.75199,-5.49499,0.99928,0.99703,0.03143
2,"control",2025-07-09,"C",14.4992,-0.59797,0.00944,0.99967,0.99556,0.00075
1,"slurry",2025-07-09,"A",19.1529,-0.66342,0.02529,0.99956,0.99667,0.00502
1,"slurry",2025-07-09,"B",16.13405,-0.6132,-0.07266,0.99886,0.99291,0.04753
1,"slurry",2025-07-09,"C",14.45105,-0.61158,-0.095,0.99912,0.99517,0.07376
4,"compost",2025-07-09,"A",11.75921,-0.66616,-0.0341,0.99912,0.99665,0.00932
4,"compost",2025-07-09,"B",14.66434,-0.65939,-0.0424,0.99948,0.99725,0.02171
4,"compost",2025-07-09,"C",14.17499,-0.55878,0.02517,0.9987,0.99679,0.00669
7,"control",2025-07-09,"A",16.12555,-0.58994,-0.33256,0.99919,0.99679,0.18538
7,"control",2025-07-09,"B",13.24199,-0.61444,0.06676,0.99938,0.99463,0.03865
7,"control",2025-07-09,"C",13.68139,-0.55282,0.01592,0.99945,0.99311,0.00253
10,"control",2025-07-09,"A",13.9529,-0.50185,-0.07506,0.9992,0.99455,0.04618
10,"control",2025-07-09,"B",12.89762,-0.59277,0.02899,0.9997,0.99623,0.00976
10,"control",2025-07-09,"C",11.33665,-0.44996,-0.05352,0.99912,0.99316,0.02632
13,"slurry",2025-07-09,"A",15.2065,-0.61836,0.02058,0.99924,0.99415,0.00413
13,"slurry",2025-07-09,"B",25.13443,-0.58542,0.15276,0.99895,0.9929,0.09924
13,"slurry",2025-07-09,"C",16.9678,-0.5577,-5e-05,0.9994,0.98815,0
13,"slurry",2025-07-23,"A",11.90608,-0.67809,-0.17375,0.99936,0.99604,0.11639
13,"slurry",2025-07-23,"B",10.58129,-0.53027,-0.12943,0.99918,0.99509,0.14188
13,"slurry",2025-07-23,"C",11.94578,-0.62889,0.12064,0.99948,0.99428,0.01935
10,"control",2025-07-23,"A",11.06942,-0.50402,0.01216,0.99819,0.99474,0.00103
10,"control",2025-07-23,"B",10.70956,-0.53715,-0.52593,0.99895,0.99478,0.32556
10,"control",2025-07-23,"C",9.55008,-0.48474,0.04466,0.9988,0.99158,0.01139
7,"control",2025-07-23,"A",11.10393,-0.52973,-0.01869,0.99883,0.99529,0.00316
7,"control",2025-07-23,"B",10.07448,-0.66354,-0.07104,0.99806,0.99632,0.0021
7,"control",2025-07-23,"C",9.89178,-0.60975,-0.05623,0.99846,0.99621,0.02841
4,"compost",2025-07-23,"A",7.7445,-0.55032,-0.10541,0.99722,0.9956,0.02304
4,"compost",2025-07-23,"B",10.80599,-0.78022,-0.09749,0.99932,0.9978,0.04329
4,"compost",2025-07-23,"C",11.19609,-0.53517,-0.08246,0.99763,0.99338,0.06886
1,"slurry",2025-07-23,"A",8.46575,-0.50006,-0.18774,0.99725,0.98993,0.20096
1,"slurry",2025-07-23,"B",7.92143,-0.56923,-0.08023,0.99784,0.99436,0.04027
1,"slurry",2025-07-23,"C",11.09423,-0.65808,-0.2219,0.99707,0.99481,0.36016
2,"control",2025-07-23,"A",9.26531,-0.67056,0.00021,0.99868,0.99548,0
2,"control",2025-07-23,"B",12.32564,-0.80672,-0.41803,0.9981,0.99768,0.103
2,"control",2025-07-23,"C",12.23992,-0.68123,-0.11073,0.99884,0.99572,0.07567
5,"control",2025-07-23,"A",8.80312,-0.73737,-0.14588,0.9983,0.99749,0.17173
5,"control",2025-07-23,"B",8.39193,-0.69071,-0.2538,0.99828,0.99694,0.02488
5,"control",2025-07-23,"C",11.25338,-0.71599,-0.19894,0.99837,0.99541,0.1978
8,"compost",2025-07-23,"A",13.791,-0.77596,-0.02203,0.99894,0.99755,0.0027
8,"compost",2025-07-23,"C",12.56344,-1.0069,-0.09036,0.99797,0.99701,0.04418
8,"compost",2025-07-23,"B",11.27904,-0.71296,-0.21065,0.99845,0.99593,0.27633
11,"slurry",2025-07-23,"A",11.25061,-0.53212,-0.20281,0.99862,0.9908,0.24991
11,"slurry",2025-07-23,"C",9.14872,-0.46732,0.03589,0.9993,0.99344,0.01289
11,"slurry",2025-07-23,"B",9.31898,-0.43649,-2.53944,0.98597,0.98383,0.0091
14,"compost",2025-07-23,"A",12.52269,-0.48963,-0.1247,0.99783,0.98962,0.07411
14,"compost",2025-07-23,"C",10.55566,-0.28471,-0.79604,0.99726,0.9793,0.31662
14,"compost",2025-07-23,"B",10.82864,-0.48231,-0.092,0.99842,0.9933,0.06576
15,"control",2025-07-23,"A",11.33632,-0.53276,0.03453,0.99897,0.99543,0.0107
15,"control",2025-07-23,"B",9.79483,-0.56683,-0.07199,0.99735,0.99356,0.04065
15,"control",2025-07-23,"C",17.14647,-0.69479,-0.74523,0.99845,0.99603,0.14409
12,"slurry",2025-07-23,"A",8.74578,-0.67425,-0.11426,0.99795,0.99554,0.0799
12,"slurry",2025-07-23,"B",8.89637,-0.64236,-0.21622,0.99913,0.99676,0.03355
12,"slurry",2025-07-23,"C",9.63683,-0.63241,-0.1302,0.99827,0.99468,0.1353
9,"compost",2025-07-23,"A",7.66572,-0.61279,-0.07827,0.99811,0.99491,0.05609
9,"compost",2025-07-23,"B",8.77874,-0.7281,-0.19708,0.99747,0.99708,0.06035
9,"compost",2025-07-23,"C",11.71165,-0.79651,-0.0149,0.99854,0.9971,0.00174
6,"slurry",2025-07-23,"A",12.45123,-0.82363,-0.2328,0.99807,0.99746,0.10895
6,"slurry",2025-07-23,"B",7.14363,-0.71216,-0.0378,0.99789,0.99661,0.0136
6,"slurry",2025-07-23,"C",11.26074,-0.75352,0.06544,0.99807,0.9965,0.03309
3,"compost",2025-07-23,"A",12.31874,-0.74114,-0.15841,0.99608,0.99595,0.15291
3,"compost",2025-07-23,"C",11.35957,-0.74449,-0.11858,0.99875,0.99769,0.04279
3,"compost",2025-07-23,"B",12.89621,-0.68441,0.03286,0.99866,0.99685,0.01158
1,"slurry",2025-08-22,"A",11.5356,-0.49371,-0.16207,0.9995,0.99404,0.10097
1,"slurry",2025-08-22,"B",13.11453,-0.39908,-0.15055,0.99856,0.98924,0.06519
1,"slurry",2025-08-22,"C",13.13848,-0.45351,-0.00486,0.99948,0.9932,0.00079
2,"control",2025-08-22,"B",11.55187,-0.54661,-0.04073,0.99916,0.99595,0.01035
2,"control",2025-08-22,"C",14.8803,-0.45234,-0.21905,0.99976,0.99223,0.17176
2,"control",2025-08-22,"A",11.20567,-0.43967,-1.96558,0.99911,0.99344,0.45947
3,"compost",2025-08-22,"A",15.18273,-0.5887,0.7761,0.99976,0.99659,0.63919
3,"compost",2025-08-22,"C",11.15088,-0.75995,-0.14558,0.99738,0.84391,0.06999
3,"compost",2025-08-22,"B",15.84632,-0.52843,0.58548,0.99836,0.99381,0.41597
6,"slurry",2025-08-22,"A",12.08253,-0.67277,-0.23902,0.99953,0.99559,0.20039
6,"slurry",2025-08-22,"B",13.68514,-0.57736,-0.07233,0.99948,0.99534,0.02673
6,"slurry",2025-08-22,"C",10.20578,-0.41881,-0.19368,0.99951,0.98813,0.12876
5,"control",2025-08-22,"A",12.94108,-0.60091,-0.11955,0.99937,0.99555,0.08847
5,"control",2025-08-22,"B",10.95508,-0.60393,-0.00414,0.99906,0.99641,0.00039
5,"control",2025-08-22,"C",14.78104,-0.61239,-0.25495,0.99895,0.99516,0.29398
4,"compost",2025-08-22,"A",10.33165,-0.44995,-0.54741,0.99862,0.98981,0.17438
4,"compost",2025-08-22,"B",9.81671,-0.49051,1.6665,0.9991,0.99329,0.09554
4,"compost",2025-08-22,"C",11.48152,-0.38962,-0.19189,0.99954,0.98309,0.23804
7,"control",2025-08-22,"A",12.04956,-0.42767,-0.23568,0.99926,0.98974,0.32453
7,"control",2025-08-22,"B",12.88913,-0.5351,-0.16029,0.99943,0.99514,0.10451
7,"control",2025-08-22,"C",11.95185,-0.41514,-0.21433,0.99836,0.98788,0.17766
8,"compost",2025-08-22,"A",12.58292,-0.60373,-0.2594,0.99926,0.99635,0.19514
8,"compost",2025-08-22,"B",13.08369,-0.55913,-0.20114,0.99907,0.99415,0.17907
8,"compost",2025-08-22,"C",12.57532,-0.71252,-0.13705,0.99947,0.99686,0.12615
9,"compost",2025-08-22,"A",11.05289,-0.52748,-0.2442,0.99866,0.99347,0.28737
9,"compost",2025-08-22,"B",15.53287,-0.6097,0.02479,0.99971,0.99527,0.01152
9,"compost",2025-08-22,"C",12.33331,-0.60346,-20.37588,0.99877,0.99495,0.01446
12,"slurry",2025-08-22,"A",12.95037,-0.50928,-0.26975,0.99924,0.99358,0.32364
12,"slurry",2025-08-22,"B",13.85372,-0.5856,-0.07711,0.99817,0.99462,0.05375
12,"slurry",2025-08-22,"C",10.05507,-0.4343,-0.03275,0.99924,0.99301,0.00925
11,"slurry",2025-08-22,"A",11.28204,-0.47991,-0.404,0.99969,0.99336,0.39891
11,"slurry",2025-08-22,"B",11.12487,-0.41028,-0.26533,0.99977,0.99145,0.18197
11,"slurry",2025-08-22,"C",9.19034,-0.33829,-0.14593,0.99935,0.98854,0.16925
10,"control",2025-08-22,"A",9.1276,-0.33708,-0.13221,0.99935,0.98678,0.09463
10,"control",2025-08-22,"B",9.23425,-0.39312,-0.19186,0.99926,0.99001,0.16851
10,"control",2025-08-22,"C",8.64925,-0.34291,-0.14483,0.99949,0.99177,0.13502
13,"slurry",2025-08-22,"A",10.52144,-0.53261,0.03056,0.99958,0.99367,0.0062
13,"slurry",2025-08-22,"B",13.47892,-0.44458,0.1401,0.9994,0.99283,0.03393
13,"slurry",2025-08-22,"C",11.42373,-0.36056,1.89723,0.99947,0.99064,0.55168
14,"compost",2025-08-22,"A",11.52424,-0.35275,-0.16435,0.99967,0.98743,0.24264
14,"compost",2025-08-22,"B",10.05012,-0.41161,-0.57701,0.99959,0.98724,0.11281
14,"compost",2025-08-22,"C",9.94522,-0.21803,-0.16879,0.99921,0.96498,0.16553
15,"control",2025-08-22,"A",9.77978,-0.39896,-1.67501,0.99924,0.99253,0.26842
15,"control",2025-08-22,"B",10.99037,-0.50367,-0.20204,0.99934,0.99383,0.21978
15,"control",2025-08-22,"C",11.66169,-0.42657,-0.24717,0.99962,0.99023,0.34639
1,"slurry",2025-09-10,"A",7.81287,-0.43012,-0.08261,0.99862,0.98507,0.03172
1,"slurry",2025-09-10,"B",8.33203,-0.4712,-0.14501,0.99968,0.99302,0.14906
1,"slurry",2025-09-10,"C",9.38499,-0.50394,-0.07418,0.99966,0.99545,0.03061
2,"control",2025-09-10,"A",7.58765,-0.46711,0.08648,0.99875,0.99293,0.07157
2,"control",2025-09-10,"B",8.11708,-0.5863,0.52003,0.9997,0.99619,0.11288
2,"control",2025-09-10,"C",10.76616,-0.5254,0.8514,0.99967,0.99369,0.07503
3,"compost",2025-09-10,"A",10.40827,-0.58862,-0.04416,0.99954,0.99529,0.01157
3,"compost",2025-09-10,"B",10.66327,-0.52168,0.05835,0.99936,0.99407,0.01937
3,"compost",2025-09-10,"C",8.2004,-0.43257,0.0433,0.9969,0.99042,0.00746
6,"slurry",2025-09-10,"A",7.44937,-0.61354,0.1152,0.9987,0.9884,0.08768
6,"slurry",2025-09-10,"B",8.03869,-0.47649,0.06414,0.99845,0.99326,0.00749
6,"slurry",2025-09-10,"C",9.43466,-0.51942,-0.04548,0.99919,0.99437,0.00912
5,"control",2025-09-10,"A",10.0906,-0.57447,-0.00107,0.99923,0.99664,0.00066
5,"control",2025-09-10,"B",8.88318,-0.57325,-0.13068,0.9989,0.99596,0.09833
5,"control",2025-09-10,"C",10.33105,-0.61375,0.7814,0.99897,0.99647,0.20354
4,"compost",2025-09-10,"A",6.74908,-0.42584,-1.04985,0.99905,0.99027,0.21608
4,"compost",2025-09-10,"B",8.67414,-0.55111,-0.01361,0.9988,0.99537,0.00112
4,"compost",2025-09-10,"C",7.96919,-0.4988,-0.19518,0.99736,0.97641,0.21565
7,"control",2025-09-10,"A",10.41633,-0.43524,-1.33308,0.99919,0.99236,0.01542
7,"control",2025-09-10,"B",9.78077,-0.48623,-0.07187,0.99915,0.99298,0.03765
7,"control",2025-09-10,"C",8.40746,-0.34055,-0.13813,0.9992,0.98758,0.12448
8,"compost",2025-09-11,"C",7.65545,-0.75561,0.12023,0.99931,0.9969,0.19978
8,"compost",2025-09-11,"B",7.42149,-0.73373,-0.12026,0.99932,0.99627,0.12092
8,"compost",2025-09-11,"A",6.93662,-0.5883,-0.02385,0.99935,0.9962,0.00347
9,"compost",2025-09-11,"A",9.19981,-0.61675,-0.22812,0.9994,0.99572,0.26367
9,"compost",2025-09-11,"B",9.85017,-0.56797,0.01542,0.99941,0.99593,0.00198
9,"compost",2025-09-11,"C",8.53027,-0.57568,-0.02073,0.99824,0.99096,0.0022
12,"slurry",2025-09-11,"A",6.18539,-0.38434,-0.11922,0.99853,0.99258,0.10783
12,"slurry",2025-09-11,"B",9.47153,-0.51311,0.33191,0.99904,0.99343,0.06485
12,"slurry",2025-09-11,"C",6.15643,-0.34595,-0.02195,0.99895,0.9901,0.00472
11,"slurry",2025-09-11,"A",8.53809,-0.46037,-0.06201,0.99842,0.99416,0.0442
11,"slurry",2025-09-11,"B",6.25112,-0.38315,-0.00168,0.99918,0.98939,0.00012
11,"slurry",2025-09-11,"C",6.58001,-0.33774,-0.12239,0.99936,0.99084,0.13753
10,"control",2025-09-11,"A",7.73343,-0.35739,-0.08568,0.99922,0.98546,0.08275
10,"control",2025-09-11,"B",7.42934,-0.47294,0.82805,0.999,0.99263,0.05869
10,"control",2025-09-11,"C",6.36242,-0.34787,-0.09453,0.99903,0.98959,0.0509
13,"slurry",2025-09-11,"B",8.80793,-0.42457,-0.02736,0.99921,0.99128,0.00935
13,"slurry",2025-09-11,"A",9.66955,-0.07589,1.24419,0.9993,0.76443,0.1
13,"slurry",2025-09-11,"C",7.09966,-0.37519,-0.07801,0.99894,0.99175,0.04475
14,"compost",2025-09-11,"A",7.70486,-0.26292,-0.15177,0.9988,0.98063,0.26369
14,"compost",2025-09-11,"B",13.10857,-0.47441,-0.02794,0.99937,0.99452,0.00592
14,"compost",2025-09-11,"C",5.73308,-0.1595,-0.28604,0.99801,0.94127,0.15882
15,"control",2025-09-11,"A",7.3964,-0.43777,-0.14503,0.99905,0.99045,0.14282
15,"control",2025-09-11,"B",10.13091,-0.5256,-0.144,0.99913,0.99215,0.12376
15,"control",2025-09-11,"C",12.82582,-0.44307,-0.06817,0.99882,0.99294,0.018
1,"slurry",2025-09-30,"A",7.39549,-0.40896,0.18138,0.9995,0.98971,0.1713
1,"slurry",2025-09-30,"B",7.96786,-0.33739,0.10704,0.99948,0.98742,0.17801
1,"slurry",2025-09-30,"C",6.85569,-0.3032,0.11098,0.9994,0.98584,0.2169
2,"control",2025-09-30,"A",5.9623,-0.39478,-0.06022,0.99782,0.98668,0.04036
2,"control",2025-09-30,"B",7.43945,-0.53299,0.13827,0.99945,0.99304,0.16254
2,"control",2025-09-30,"C",7.75777,-0.35519,0.01163,0.99968,0.9875,0.04622
3,"compost",2025-09-30,"A",9.34,-0.46331,0.17199,0.99982,0.9906,0.32398
3,"compost",2025-09-30,"B",7.86504,-0.36651,0.08257,0.99952,0.98795,0.11509
3,"compost",2025-09-30,"C",7.25583,-0.46682,0.10309,0.99963,0.99252,0.15775
6,"slurry",2025-09-30,"A",6.07497,-0.51521,0.05255,0.9993,0.99483,0.05182
6,"slurry",2025-09-30,"B",7.56879,-0.40135,0.07564,0.99913,0.99257,0.07564
6,"slurry",2025-09-30,"C",8.42837,-0.36171,0.31756,0.99893,0.98851,0.47283
5,"control",2025-09-30,"A",7.47752,-0.47909,-0.04864,0.99952,0.99449,0.0389
5,"control",2025-09-30,"B",6.74808,-0.49228,0.21872,0.99934,0.99129,0.2902
5,"control",2025-09-30,"C",9.33181,-0.47212,0.14833,0.99939,0.99338,0.18397
4,"compost",2025-09-30,"A",7.25091,-0.35979,-0.02319,0.99916,0.98313,0.00473
4,"compost",2025-09-30,"B",7.17575,-0.4315,0.11468,0.99958,0.99237,0.16719
4,"compost",2025-09-30,"C",8.57335,-0.31702,0.05492,0.99957,0.98507,0.00734
7,"control",2025-09-30,"A",9.09155,-0.38384,0.08778,0.99954,0.98613,0.05442
7,"control",2025-09-30,"B",8.70747,-0.47378,0.12833,0.99944,0.99376,0.19007
7,"control",2025-09-30,"C",9.39364,-0.33217,0.11451,0.99949,0.9862,0.17047
8,"compost",2025-09-30,"A",7.41125,-0.42851,0.06942,0.99943,0.99233,0.08823
8,"compost",2025-09-30,"B",9.81627,-0.92743,0.13348,0.99863,0.99515,0.1816
8,"compost",2025-09-30,"C",8.66821,-0.57267,-0.01518,0.99967,0.99506,0.00241
13,"slurry",2025-09-30,"A",10.74442,-0.55582,0.24702,0.99955,0.99422,0.15433
13,"slurry",2025-09-30,"B",8.82113,-0.34718,0.20551,0.99965,0.9853,0.35077
13,"slurry",2025-09-30,"C",8.63401,-0.38058,0.21029,0.99947,0.98965,0.45405
10,"control",2025-09-30,"A",7.84651,-0.27203,0.23256,0.99883,0.98384,0.35455
10,"control",2025-09-30,"B",7.81344,-0.28134,0.10703,0.99808,0.98488,0.13474
10,"control",2025-09-30,"C",6.24723,-0.241,0.1161,0.99905,0.97828,0.07668
11,"slurry",2025-09-30,"A",10.99949,-0.29632,0.23039,0.99955,0.97491,0.17444
11,"slurry",2025-09-30,"B",6.9478,-0.25677,-0.04104,0.99928,0.97301,0.02084
11,"slurry",2025-09-30,"C",6.74349,-0.18574,-0.01,0.99948,0.96466,0.00184
12,"slurry",2025-09-30,"A",8.07916,-0.37509,0.14245,0.99917,0.98091,0.00092
12,"slurry",2025-09-30,"B",14.11339,-0.51029,0.12998,0.99928,0.99411,0.14802
12,"slurry",2025-09-30,"C",7.25825,-0.26004,0.42346,0.99938,0.97839,0.51802
15,"control",2025-09-30,"A",7.32401,-0.28468,0.11356,0.99887,0.96989,0.11584
15,"control",2025-09-30,"B",9.15,-0.38096,0.15045,0.99954,0.9921,0.02831
15,"control",2025-09-30,"C",12.66451,-0.37024,0.34566,0.99896,0.98637,0.50893
14,"compost",2025-09-30,"A",8.94199,-0.29638,-0.03363,0.9994,0.98485,0.00738
14,"compost",2025-09-30,"B",15.75662,-0.52217,0.26736,0.99972,0.98953,0.34136
14,"compost",2025-09-30,"C",7.79216,-0.22334,0.2247,0.9994,0.95442,0.3194
1,"slurry",2025-10-14,"A",4.56493,-0.22841,0.0234,0.99826,0.97533,0.0131
1,"slurry",2025-10-14,"B",4.1296,-0.13545,0.04208,0.99917,0.91124,0.02417
1,"slurry",2025-10-14,"C",4.18517,-0.19555,0.12096,0.99905,0.97099,0.01538
2,"control",2025-10-14,"A",3.71026,-0.1606,0.00859,0.99641,0.9396,0.00841
2,"control",2025-10-14,"B",4.18601,-0.25502,0.0344,0.99911,0.97378,0.00561
2,"control",2025-10-14,"C",5.88094,-0.18577,0.01953,0.99963,0.96071,0.00835
3,"compost",2025-10-14,"A",5.66503,-0.16376,0.02058,0.99907,0.95801,0.00719
3,"compost",2025-10-14,"B",4.82945,-0.144,0.01505,0.99933,0.94431,0.00545
3,"compost",2025-10-14,"C",4.55663,-0.18543,-2.01642,0.99918,0.9592,0.00719
6,"slurry",2025-10-14,"A",3.01029,-0.18726,0.04432,0.99852,0.96453,0.05617
6,"slurry",2025-10-14,"B",4.14974,-0.13876,-0.01252,0.99855,0.91412,0.00374
6,"slurry",2025-10-14,"C",5.13711,-0.22626,-0.05611,0.99811,0.9696,0.00037
5,"control",2025-10-14,"A",5.20182,-0.33583,0.05296,0.99961,0.98723,0.06421
5,"control",2025-10-14,"B",4.14912,-0.34781,0.09345,0.99862,0.98407,0.17169
5,"control",2025-10-14,"C",4.78402,-0.26207,0.00159,0.99851,0.98155,6e-05
4,"compost",2025-10-15,"A",4.97274,-0.26149,0.07101,0.99887,0.98172,0.06786
4,"compost",2025-10-15,"B",4.52358,-0.32434,0.05251,0.99916,0.98645,0.04167
4,"compost",2025-10-15,"C",3.98791,-0.20502,0.01494,0.99935,0.96794,0.00679
7,"control",2025-10-15,"A",5.11488,-0.22645,0.68369,0.99941,0.9734,0.12375
7,"control",2025-10-15,"B",5.04244,-0.26857,0.20165,0.99933,0.97328,0.47086
7,"control",2025-10-15,"C",4.6716,-0.18683,0.15169,0.99932,0.95422,0.29608
8,"compost",2025-10-15,"A",4.01066,-0.28742,-0.01097,0.99915,0.9867,0.00328
8,"compost",2025-10-15,"B",4.92805,-0.34749,0.01771,0.99638,0.98234,0.00588
8,"compost",2025-10-15,"C",5.33129,-0.38472,-0.00355,0.99948,0.99328,0.00025
9,"compost",2025-10-15,"A",5.93192,-0.26451,0.06577,0.99937,0.98726,0.01486
9,"compost",2025-10-15,"B",5.471,-0.2036,0.29057,0.99757,0.95848,0.25683
9,"compost",2025-10-15,"C",4.04404,-0.23057,-0.032,0.999,0.97383,0.02314
12,"slurry",2025-10-15,"A",4.28243,-0.23573,0.08481,0.99895,0.97674,0.11314
12,"slurry",2025-10-15,"B",6.63007,-0.28033,-0.02579,0.99909,0.98328,0.01271
12,"slurry",2025-10-15,"C",3.77814,-0.1546,0.03569,0.99915,0.95467,0.03527
15,"control",2025-10-15,"A",6.78602,-0.58712,0.15879,0.99501,0.98569,0.31181
15,"control",2025-10-15,"B",4.53729,-0.28916,0.03747,0.99915,0.98456,0.03316
15,"control",2025-10-15,"C",5.21507,-0.27672,0.02853,0.99952,0.98266,0.01225
14,"compost",2025-10-15,"A",5.33967,-0.21423,0.07359,0.99958,0.97904,0.11765
14,"compost",2025-10-15,"B",7.53676,-0.2602,0.08408,0.99977,0.97911,0.1319
14,"compost",2025-10-15,"C",5.14177,-0.12571,0.33411,0.9995,0.91396,0.1398
11,"slurry",2025-10-15,"A",5.66314,-0.0675,0.16466,0.9992,0.75652,0.37673
11,"slurry",2025-10-15,"B",3.72983,-0.14626,-0.04004,0.99908,0.93608,0.01459
11,"slurry",2025-10-15,"C",3.06075,-0.08844,0.04908,0.99806,0.82631,0.0202
10,"control",2025-10-15,"A",4.06099,-0.16398,0.05693,0.99913,0.94632,0.104
10,"control",2025-10-15,"B",3.49487,-0.19903,-0.05685,0.99904,0.95925,0.06129
10,"control",2025-10-15,"C",3.44934,-0.15699,0.28732,0.99895,0.9364,0.14063
13,"slurry",2025-10-15,"A",6.02447,-0.38027,0.19212,0.99909,0.98729,0.31262
13,"slurry",2025-10-15,"B",7.1066,-0.22945,0.02767,0.99951,0.96336,0.07115
13,"slurry",2025-10-15,"C",6.00123,-0.19004,2.58837,0.99956,0.95573,0.99227
